precision,AvgSearchTime
0.968848,4.947525
0.978703,5.905066
0.987225,6.809871
0.993712,8.689742
0.997822,12.4033