precision,AvgSearchTime
0.968815,4.354655
0.978669,4.978017
0.987202,6.086476
0.993716,8.058493
0.997822,15.11024